<application>
  <component name="FileTypeManager" version="17">
    <ignoreFiles list="*$py.class;*.hprof;*.pyc;*.pyo;*.rbc;*.yarb;*~;.DS_Store;.git;.hg;.svn;CVS;__pycache__;_svn;vssver.scc;vssver2.scc;" />
    <extensionMap>
      <mapping ext="mongo1" type="PLAIN_TEXT" />
      <mapping ext="mong" type="PLAIN_TEXT" />
      <mapping ext="py3" type="Python" />
      <mapping ext="mongo" type="Python" />
      <removed_mapping ext="mongo" approved="true" type="PLAIN_TEXT" />
    </extensionMap>
  </component>
</application>