<application>
  <component name="ProjectManager">
    <defaultProject>
      <component name="InspectionProjectProfileManager">
        <option name="PROJECT_PROFILE" value="Default" />
        <option name="USE_PROJECT_PROFILE" value="false" />
        <version value="1.0" />
      </component>
      <component name="JavaScriptLibraryMappings">
        <includedPredefinedLibrary name="Node.js Core" />
      </component>
      <component name="JsFlowSettings">
        <service-enabled>true</service-enabled>
        <exe-path />
        <other-services-enabled>true</other-services-enabled>
        <auto-save>true</auto-save>
      </component>
      <component name="ProjectDictionaryState">
        <dictionary name="hung" />
      </component>
      <component name="ProjectInspectionProfilesVisibleTreeState">
        <entry key="Project Default">
          <profile-state>
            <expanded-state>
              <State />
            </expanded-state>
            <selected-state>
              <State>
                <id>Angular</id>
              </State>
            </selected-state>
          </profile-state>
        </entry>
      </component>
      <component name="ProjectRootManager" version="2" project-jdk-name="Python 3.8 (python38)" project-jdk-type="Python SDK" />
      <component name="PropertiesComponent">
        <property name="javascript.nodejs.core.library.configured.version" value="12.13.0" />
        <property name="nodejs_interpreter_path" value="node" />
        <property name="nodejs_package_manager_path" value="yarn" />
        <property name="settings.editor.selected.configurable" value="project.propVCSSupport.CommitDialog" />
      </component>
      <component name="YarnPnpManager">
        <pnp-files />
      </component>
    </defaultProject>
  </component>
</application>