<profile version="1.0">
  <option name="myName" value="Default" />
  <inspection_tool class="AmdModulesDependencies" enabled="false" level="WEAK WARNING" enabled_by_default="false" />
  <inspection_tool class="Annotator" enabled="false" level="ERROR" enabled_by_default="false" />
  <inspection_tool class="AppEngineDeprecatedRuntimeInspection" enabled="false" level="WARNING" enabled_by_default="false" />
  <inspection_tool class="AppEngineThreadsafeCGIHandlerInspection" enabled="false" level="WARNING" enabled_by_default="false" />
  <inspection_tool class="AppEngineThreadsafeInspection" enabled="false" level="WARNING" enabled_by_default="false" />
  <inspection_tool class="BadExpressionStatementJS" enabled="false" level="WEAK WARNING" enabled_by_default="false" />
  <inspection_tool class="BuildoutUnresolvedPartInspection" enabled="false" level="WARNING" enabled_by_default="false" />
  <inspection_tool class="CallerJS" enabled="false" level="WARNING" enabled_by_default="false" />
  <inspection_tool class="CheckDtdRefs" enabled="false" level="ERROR" enabled_by_default="false" />
  <inspection_tool class="CheckEmptyScriptTag" enabled="false" level="WARNING" enabled_by_default="false" />
  <inspection_tool class="CheckImageSize" enabled="false" level="WARNING" enabled_by_default="false" />
  <inspection_tool class="CheckTagEmptyBody" enabled="false" level="WARNING" enabled_by_default="false" />
  <inspection_tool class="CheckValidXmlInScriptTagBody" enabled="false" level="ERROR" enabled_by_default="false" />
  <inspection_tool class="CheckXmlFileWithXercesValidator" enabled="false" level="ERROR" enabled_by_default="false" />
  <inspection_tool class="CommaExpressionJS" enabled="false" level="WARNING" enabled_by_default="false" />
  <inspection_tool class="CommandLineInspection" enabled="false" level="WARNING" enabled_by_default="false" />
  <inspection_tool class="ConstantConditionalExpressionJS" enabled="false" level="WARNING" enabled_by_default="false" />
  <inspection_tool class="ContinueOrBreakFromFinallyBlockJS" enabled="false" level="WARNING" enabled_by_default="false" />
  <inspection_tool class="CssFloatPxLength" enabled="false" level="WEAK WARNING" enabled_by_default="false" />
  <inspection_tool class="CssInvalidAtRule" enabled="false" level="ERROR" enabled_by_default="false" />
  <inspection_tool class="CssInvalidCharsetRule" enabled="false" level="WARNING" enabled_by_default="false" />
  <inspection_tool class="CssInvalidElement" enabled="false" level="ERROR" enabled_by_default="false" />
  <inspection_tool class="CssInvalidFunction" enabled="false" level="ERROR" enabled_by_default="false" />
  <inspection_tool class="CssInvalidHtmlTagReference" enabled="false" level="WARNING" enabled_by_default="false" />
  <inspection_tool class="CssInvalidImport" enabled="false" level="WARNING" enabled_by_default="false" />
  <inspection_tool class="CssInvalidMediaFeature" enabled="false" level="ERROR" enabled_by_default="false" />
  <inspection_tool class="CssInvalidPropertyValue" enabled="false" level="ERROR" enabled_by_default="false" />
  <inspection_tool class="CssInvalidPseudoSelector" enabled="false" level="ERROR" enabled_by_default="false" />
  <inspection_tool class="CssMissingComma" enabled="false" level="WARNING" enabled_by_default="false" />
  <inspection_tool class="CssNegativeValue" enabled="false" level="ERROR" enabled_by_default="false" />
  <inspection_tool class="CssNoGenericFontName" enabled="false" level="WARNING" enabled_by_default="false" />
  <inspection_tool class="CssOverwrittenProperties" enabled="false" level="WARNING" enabled_by_default="false" />
  <inspection_tool class="CssRedundantUnit" enabled="false" level="WARNING" enabled_by_default="false" />
  <inspection_tool class="CssReplaceWithShorthandSafely" enabled="false" level="WEAK WARNING" enabled_by_default="false" />
  <inspection_tool class="CssReplaceWithShorthandUnsafely" enabled="false" level="INFORMATION" enabled_by_default="false" />
  <inspection_tool class="CssUnitlessNumber" enabled="false" level="WARNING" enabled_by_default="false" />
  <inspection_tool class="CssUnknownProperty" enabled="false" level="WARNING" enabled_by_default="false" />
  <inspection_tool class="CssUnknownTarget" enabled="false" level="ERROR" enabled_by_default="false" />
  <inspection_tool class="CssUnresolvedClass" enabled="false" level="ERROR" enabled_by_default="false" />
  <inspection_tool class="CssUnresolvedCustomProperty" enabled="false" level="ERROR" enabled_by_default="false" />
  <inspection_tool class="CssUnusedSymbol" enabled="false" level="WARNING" enabled_by_default="false" />
  <inspection_tool class="CythonUsageBeforeDeclarationInspection" enabled="false" level="WARNING" enabled_by_default="false" />
  <inspection_tool class="DjangoBrokenLineCommentInspection" enabled="false" level="WARNING" enabled_by_default="false" />
  <inspection_tool class="DjangoCloseTagInspection" enabled="false" level="WARNING" enabled_by_default="false" />
  <inspection_tool class="DjangoIncompatibleInspection" enabled="false" level="WARNING" enabled_by_default="false" />
  <inspection_tool class="DjangoOrmInspection" enabled="false" level="WARNING" enabled_by_default="false" />
  <inspection_tool class="DjangoRelationInspection" enabled="false" level="WARNING" enabled_by_default="false" />
  <inspection_tool class="DjangoUnresolvedFilterInspection" enabled="false" level="WARNING" enabled_by_default="false" />
  <inspection_tool class="DjangoUnresolvedLoadInspection" enabled="false" level="WARNING" enabled_by_default="false" />
  <inspection_tool class="DjangoUnresolvedStaticReferenceInspection" enabled="false" level="WARNING" enabled_by_default="false" />
  <inspection_tool class="DjangoUnresolvedTagInspection" enabled="false" level="WARNING" enabled_by_default="false" />
  <inspection_tool class="DjangoUnresolvedTemplateReferenceInspection" enabled="false" level="WARNING" enabled_by_default="false" />
  <inspection_tool class="DjangoUrlArgumentsInspection" enabled="false" level="WARNING" enabled_by_default="false" />
  <inspection_tool class="DuplicatedBlockNamesInspection" enabled="false" level="WARNING" enabled_by_default="false" />
  <inspection_tool class="DuplicatedCode" enabled="false" level="WEAK WARNING" enabled_by_default="false" />
  <inspection_tool class="ES6AwaitOutsideAsyncFunction" enabled="false" level="ERROR" enabled_by_default="false" />
  <inspection_tool class="ES6BindWithArrowFunction" enabled="false" level="WARNING" enabled_by_default="false" />
  <inspection_tool class="ES6CheckImport" enabled="false" level="WEAK WARNING" enabled_by_default="false" />
  <inspection_tool class="ES6ClassMemberInitializationOrder" enabled="false" level="WARNING" enabled_by_default="false" />
  <inspection_tool class="ES6ConvertModuleExportToExport" enabled="false" level="INFORMATION" enabled_by_default="false" />
  <inspection_tool class="ES6ConvertRequireIntoImport" enabled="false" level="INFORMATION" enabled_by_default="false" />
  <inspection_tool class="ES6ConvertToForOf" enabled="false" level="INFORMATION" enabled_by_default="false" />
  <inspection_tool class="ES6ConvertVarToLetConst" enabled="false" level="WEAK WARNING" enabled_by_default="false" />
  <inspection_tool class="ES6DestructuringVariablesMerge" enabled="false" level="WEAK WARNING" enabled_by_default="false" />
  <inspection_tool class="ES6MissingAwait" enabled="false" level="WEAK WARNING" enabled_by_default="false" />
  <inspection_tool class="ES6ModulesDependencies" enabled="false" level="WEAK WARNING" enabled_by_default="false" />
  <inspection_tool class="ES6PossiblyAsyncFunction" enabled="false" level="WEAK WARNING" enabled_by_default="false" />
  <inspection_tool class="ES6RedundantAwait" enabled="false" level="WEAK WARNING" enabled_by_default="false" />
  <inspection_tool class="ES6RedundantNestingInTemplateLiteral" enabled="false" level="WEAK WARNING" enabled_by_default="false" />
  <inspection_tool class="ES6ShorthandObjectProperty" enabled="false" level="INFORMATION" enabled_by_default="false" />
  <inspection_tool class="ES6UnusedImports" enabled="false" level="WARNING" enabled_by_default="false" />
  <inspection_tool class="EmptyStatementBodyJS" enabled="false" level="WARNING" enabled_by_default="false" />
  <inspection_tool class="EndBlockNamesInspection" enabled="false" level="WARNING" enabled_by_default="false" />
  <inspection_tool class="ExceptionCaughtLocallyJS" enabled="false" level="WARNING" enabled_by_default="false" />
  <inspection_tool class="ExtendsTagPositionInspection" enabled="false" level="WARNING" enabled_by_default="false" />
  <inspection_tool class="FallThroughInSwitchStatementJS" enabled="false" level="WARNING" enabled_by_default="false" />
  <inspection_tool class="FlowJSConfig" enabled="false" level="WARNING" enabled_by_default="false" />
  <inspection_tool class="FlowJSFlagCommentPlacement" enabled="false" level="WARNING" enabled_by_default="false" />
  <inspection_tool class="HtmlDeprecatedAttribute" enabled="false" level="WARNING" enabled_by_default="false" />
  <inspection_tool class="HtmlDeprecatedTag" enabled="false" level="WARNING" enabled_by_default="false" />
  <inspection_tool class="HtmlExtraClosingTag" enabled="false" level="WARNING" enabled_by_default="false" />
  <inspection_tool class="HtmlFormInputWithoutLabel" enabled="false" level="WARNING" enabled_by_default="false" />
  <inspection_tool class="HtmlMissingClosingTag" enabled="false" level="INFORMATION" enabled_by_default="false" />
  <inspection_tool class="HtmlRequiredAltAttribute" enabled="false" level="WARNING" enabled_by_default="false" />
  <inspection_tool class="HtmlRequiredLangAttribute" enabled="false" level="WARNING" enabled_by_default="false" />
  <inspection_tool class="HtmlRequiredTitleElement" enabled="false" level="WARNING" enabled_by_default="false" />
  <inspection_tool class="HtmlUnknownAnchorTarget" enabled="false" level="WARNING" enabled_by_default="false" />
  <inspection_tool class="HtmlUnknownAttribute" enabled="false" level="WARNING" enabled_by_default="false" />
  <inspection_tool class="HtmlUnknownBooleanAttribute" enabled="false" level="WARNING" enabled_by_default="false" />
  <inspection_tool class="HtmlUnknownTag" enabled="false" level="WARNING" enabled_by_default="false" />
  <inspection_tool class="HtmlUnknownTarget" enabled="false" level="WARNING" enabled_by_default="false" />
  <inspection_tool class="IgnoreFileDuplicateEntry" enabled="false" level="WARNING" enabled_by_default="false" />
  <inspection_tool class="IncompatibleMaskJS" enabled="false" level="WARNING" enabled_by_default="false" />
  <inspection_tool class="InfiniteLoopJS" enabled="false" level="WARNING" enabled_by_default="false" />
  <inspection_tool class="InfiniteRecursionJS" enabled="false" level="WARNING" enabled_by_default="false" />
  <inspection_tool class="JSAccessibilityCheck" enabled="false" level="WARNING" enabled_by_default="false" />
  <inspection_tool class="JSAnnotator" enabled="false" level="ERROR" enabled_by_default="false" />
  <inspection_tool class="JSArrowFunctionBracesCanBeRemoved" enabled="false" level="INFORMATION" enabled_by_default="false" />
  <inspection_tool class="JSAssignmentUsedAsCondition" enabled="false" level="WARNING" enabled_by_default="false" />
  <inspection_tool class="JSBitwiseOperatorUsage" enabled="false" level="WARNING" enabled_by_default="false" />
  <inspection_tool class="JSCheckFunctionSignatures" enabled="false" level="WEAK WARNING" enabled_by_default="false" />
  <inspection_tool class="JSClosureCompilerSyntax" enabled="false" level="WARNING" enabled_by_default="false" />
  <inspection_tool class="JSCommentMatchesSignature" enabled="false" level="WARNING" enabled_by_default="false" />
  <inspection_tool class="JSComparisonWithNaN" enabled="false" level="WARNING" enabled_by_default="false" />
  <inspection_tool class="JSConsecutiveCommasInArrayLiteral" enabled="false" level="WARNING" enabled_by_default="false" />
  <inspection_tool class="JSConstantReassignment" enabled="false" level="ERROR" enabled_by_default="false" />
  <inspection_tool class="JSConstructorReturnsPrimitive" enabled="false" level="WARNING" enabled_by_default="false" />
  <inspection_tool class="JSDeprecatedSymbols" enabled="false" level="WEAK WARNING" enabled_by_default="false" />
  <inspection_tool class="JSDuplicateCaseLabel" enabled="false" level="WARNING" enabled_by_default="false" />
  <inspection_tool class="JSDuplicatedDeclaration" enabled="false" level="WARNING" enabled_by_default="false" />
  <inspection_tool class="JSEqualityComparisonWithCoercion" enabled="false" level="WARNING" enabled_by_default="false" />
  <inspection_tool class="JSFileReferences" enabled="false" level="WARNING" enabled_by_default="false" />
  <inspection_tool class="JSFunctionExpressionToArrowFunction" enabled="false" level="INFORMATION" enabled_by_default="false" />
  <inspection_tool class="JSIgnoredPromiseFromCall" enabled="false" level="WEAK WARNING" enabled_by_default="false" />
  <inspection_tool class="JSIncompatibleTypesComparison" enabled="false" level="WEAK WARNING" enabled_by_default="false" />
  <inspection_tool class="JSJQueryEfficiency" enabled="false" level="WARNING" enabled_by_default="false" />
  <inspection_tool class="JSJoinVariableDeclarationAndAssignment" enabled="false" level="INFORMATION" enabled_by_default="false" />
  <inspection_tool class="JSLastCommaInArrayLiteral" enabled="false" level="WARNING" enabled_by_default="false" />
  <inspection_tool class="JSLastCommaInObjectLiteral" enabled="false" level="WARNING" enabled_by_default="false" />
  <inspection_tool class="JSMethodCanBeStatic" enabled="false" level="WARNING" enabled_by_default="false" />
  <inspection_tool class="JSMismatchedCollectionQueryUpdate" enabled="false" level="WARNING" enabled_by_default="false">
    <option name="queries" value="trace,write,forEach,length,size" />
    <option name="updates" value="pop,push,shift,splice,unshift,add,insert,remove" />
  </inspection_tool>
  <inspection_tool class="JSMissingSwitchBranches" enabled="false" level="INFORMATION" enabled_by_default="false" />
  <inspection_tool class="JSMissingSwitchDefault" enabled="false" level="INFORMATION" enabled_by_default="false" />
  <inspection_tool class="JSNonASCIINames" enabled="false" level="WARNING" enabled_by_default="false" />
  <inspection_tool class="JSObjectNullOrUndefined" enabled="false" level="WARNING" enabled_by_default="false" />
  <inspection_tool class="JSPotentiallyInvalidConstructorUsage" enabled="false" level="WARNING" enabled_by_default="false">
    <option name="myConsiderUppercaseFunctionsToBeConstructors" value="true" />
  </inspection_tool>
  <inspection_tool class="JSPotentiallyInvalidTargetOfIndexedPropertyAccess" enabled="false" level="WARNING" enabled_by_default="false" />
  <inspection_tool class="JSPotentiallyInvalidUsageOfClassThis" enabled="false" level="WARNING" enabled_by_default="false" />
  <inspection_tool class="JSPotentiallyInvalidUsageOfThis" enabled="false" level="WARNING" enabled_by_default="false" />
  <inspection_tool class="JSPrimitiveTypeWrapperUsage" enabled="false" level="WARNING" enabled_by_default="false" />
  <inspection_tool class="JSRedeclarationOfBlockScope" enabled="false" level="ERROR" enabled_by_default="false" />
  <inspection_tool class="JSRedundantSwitchStatement" enabled="false" level="WEAK WARNING" enabled_by_default="false" />
  <inspection_tool class="JSReferencingArgumentsOutsideOfFunction" enabled="false" level="ERROR" enabled_by_default="false" />
  <inspection_tool class="JSReferencingMutableVariableFromClosure" enabled="false" level="WARNING" enabled_by_default="false" />
  <inspection_tool class="JSRemoveUnnecessaryParentheses" enabled="false" level="INFORMATION" enabled_by_default="false" />
  <inspection_tool class="JSStringConcatenationToES6Template" enabled="false" level="INFORMATION" enabled_by_default="false" />
  <inspection_tool class="JSSuspiciousEqPlus" enabled="false" level="WARNING" enabled_by_default="false" />
  <inspection_tool class="JSSuspiciousNameCombination" enabled="false" level="WARNING" enabled_by_default="false">
    <group names="x,width,left,right" />
    <group names="y,height,top,bottom" />
    <exclude classes="Math" />
  </inspection_tool>
  <inspection_tool class="JSSwitchVariableDeclarationIssue" enabled="false" level="WARNING" enabled_by_default="false" />
  <inspection_tool class="JSTestFailedLine" enabled="false" level="WARNING" enabled_by_default="false" />
  <inspection_tool class="JSTypeOfValues" enabled="false" level="WARNING" enabled_by_default="false" />
  <inspection_tool class="JSUndeclaredVariable" enabled="false" level="WEAK WARNING" enabled_by_default="false" />
  <inspection_tool class="JSUndefinedPropertyAssignment" enabled="false" level="WEAK WARNING" enabled_by_default="false" />
  <inspection_tool class="JSUnfilteredForInLoop" enabled="false" level="WARNING" enabled_by_default="false" />
  <inspection_tool class="JSUnnecessarySemicolon" enabled="false" level="WARNING" enabled_by_default="false" />
  <inspection_tool class="JSUnreachableSwitchBranches" enabled="false" level="WARNING" enabled_by_default="false" />
  <inspection_tool class="JSUnresolvedExtXType" enabled="false" level="WARNING" enabled_by_default="false" />
  <inspection_tool class="JSUnresolvedFunction" enabled="false" level="WEAK WARNING" enabled_by_default="false" />
  <inspection_tool class="JSUnresolvedLibraryURL" enabled="false" level="WARNING" enabled_by_default="false" />
  <inspection_tool class="JSUnresolvedVariable" enabled="false" level="WEAK WARNING" enabled_by_default="false" />
  <inspection_tool class="JSUnusedAssignment" enabled="false" level="WARNING" enabled_by_default="false" />
  <inspection_tool class="JSUnusedGlobalSymbols" enabled="false" level="WARNING" enabled_by_default="false" />
  <inspection_tool class="JSUnusedLocalSymbols" enabled="false" level="WARNING" enabled_by_default="false" />
  <inspection_tool class="JSValidateJSDoc" enabled="false" level="WARNING" enabled_by_default="false" />
  <inspection_tool class="JSValidateTypes" enabled="false" level="WEAK WARNING" enabled_by_default="false" />
  <inspection_tool class="JSXNamespaceValidation" enabled="false" level="WEAK WARNING" enabled_by_default="false" />
  <inspection_tool class="Json5StandardCompliance" enabled="false" level="ERROR" enabled_by_default="false" />
  <inspection_tool class="JsonDuplicatePropertyKeys" enabled="false" level="WARNING" enabled_by_default="false" />
  <inspection_tool class="JsonSchemaCompliance" enabled="false" level="WARNING" enabled_by_default="false" />
  <inspection_tool class="JsonSchemaDeprecation" enabled="false" level="WEAK WARNING" enabled_by_default="false" />
  <inspection_tool class="JsonSchemaRefReference" enabled="false" level="WARNING" enabled_by_default="false" />
  <inspection_tool class="JsonStandardCompliance" enabled="false" level="ERROR" enabled_by_default="false" />
  <inspection_tool class="JupyterKernelInspection" enabled="false" level="WARNING" enabled_by_default="false" />
  <inspection_tool class="JupyterPackageInspection" enabled="false" level="WARNING" enabled_by_default="false" />
  <inspection_tool class="LoopStatementThatDoesntLoopJS" enabled="false" level="WARNING" enabled_by_default="false" />
  <inspection_tool class="LossyEncoding" enabled="false" level="WARNING" enabled_by_default="false" />
  <inspection_tool class="MakoArgumentListInspection" enabled="false" level="WARNING" enabled_by_default="false" />
  <inspection_tool class="MarkdownUnresolvedFileReference" enabled="false" level="WARNING" enabled_by_default="false" />
  <inspection_tool class="NodeModulesDependencies" enabled="false" level="WEAK WARNING" enabled_by_default="false" />
  <inspection_tool class="NonAsciiCharacters" enabled="false" level="WARNING" enabled_by_default="false" />
  <inspection_tool class="NpmUsedModulesInstalled" enabled="false" level="WEAK WARNING" enabled_by_default="false" />
  <inspection_tool class="OctalIntegerJS" enabled="false" level="WARNING" enabled_by_default="false" />
  <inspection_tool class="PackageJsonMismatchedDependency" enabled="false" level="WARNING" enabled_by_default="false" />
  <inspection_tool class="PointlessArithmeticExpressionJS" enabled="false" level="WARNING" enabled_by_default="false" />
  <inspection_tool class="PointlessBooleanExpressionJS" enabled="false" level="WARNING" enabled_by_default="false" />
  <inspection_tool class="PyAbstractClassInspection" enabled="false" level="WEAK WARNING" enabled_by_default="false" />
  <inspection_tool class="PyArgumentListInspection" enabled="false" level="WARNING" enabled_by_default="false" />
  <inspection_tool class="PyAssignmentToLoopOrWithParameterInspection" enabled="false" level="WEAK WARNING" enabled_by_default="false" />
  <inspection_tool class="PyAsyncCallInspection" enabled="false" level="WARNING" enabled_by_default="false" />
  <inspection_tool class="PyAttributeOutsideInitInspection" enabled="false" level="WEAK WARNING" enabled_by_default="false" />
  <inspection_tool class="PyBroadExceptionInspection" enabled="false" level="WEAK WARNING" enabled_by_default="false" />
  <inspection_tool class="PyByteLiteralInspection" enabled="false" level="WARNING" enabled_by_default="false" />
  <inspection_tool class="PyCallByClassInspection" enabled="false" level="WEAK WARNING" enabled_by_default="false" />
  <inspection_tool class="PyCallingNonCallableInspection" enabled="false" level="WARNING" enabled_by_default="false" />
  <inspection_tool class="PyChainedComparisonsInspection" enabled="false" level="WEAK WARNING" enabled_by_default="false" />
  <inspection_tool class="PyClassHasNoInitInspection" enabled="false" level="WEAK WARNING" enabled_by_default="false" />
  <inspection_tool class="PyComparisonWithNoneInspection" enabled="false" level="WEAK WARNING" enabled_by_default="false" />
  <inspection_tool class="PyDataclassInspection" enabled="false" level="WARNING" enabled_by_default="false" />
  <inspection_tool class="PyDecoratorInspection" enabled="false" level="WARNING" enabled_by_default="false" />
  <inspection_tool class="PyDefaultArgumentInspection" enabled="false" level="WARNING" enabled_by_default="false" />
  <inspection_tool class="PyDeprecationInspection" enabled="false" level="WARNING" enabled_by_default="false" />
  <inspection_tool class="PyDictCreationInspection" enabled="false" level="WEAK WARNING" enabled_by_default="false" />
  <inspection_tool class="PyDictDuplicateKeysInspection" enabled="false" level="WARNING" enabled_by_default="false" />
  <inspection_tool class="PyDocstringTypesInspection" enabled="false" level="WEAK WARNING" enabled_by_default="false" />
  <inspection_tool class="PyDunderSlotsInspection" enabled="false" level="WARNING" enabled_by_default="false" />
  <inspection_tool class="PyExceptClausesOrderInspection" enabled="false" level="WARNING" enabled_by_default="false" />
  <inspection_tool class="PyExceptionInheritInspection" enabled="false" level="WARNING" enabled_by_default="false" />
  <inspection_tool class="PyFinalInspection" enabled="false" level="WARNING" enabled_by_default="false" />
  <inspection_tool class="PyFromFutureImportInspection" enabled="false" level="WARNING" enabled_by_default="false" />
  <inspection_tool class="PyGlobalUndefinedInspection" enabled="false" level="WEAK WARNING" enabled_by_default="false" />
  <inspection_tool class="PyInconsistentIndentationInspection" enabled="false" level="WARNING" enabled_by_default="false" />
  <inspection_tool class="PyIncorrectDocstringInspection" enabled="false" level="WEAK WARNING" enabled_by_default="false" />
  <inspection_tool class="PyInitNewSignatureInspection" enabled="false" level="WARNING" enabled_by_default="false" />
  <inspection_tool class="PyInterpreterInspection" enabled="false" level="WARNING" enabled_by_default="false" />
  <inspection_tool class="PyListCreationInspection" enabled="false" level="WEAK WARNING" enabled_by_default="false" />
  <inspection_tool class="PyMethodFirstArgAssignmentInspection" enabled="false" level="WARNING" enabled_by_default="false" />
  <inspection_tool class="PyMethodMayBeStaticInspection" enabled="false" level="WEAK WARNING" enabled_by_default="false" />
  <inspection_tool class="PyMethodOverridingInspection" enabled="false" level="WARNING" enabled_by_default="false" />
  <inspection_tool class="PyMethodParametersInspection" enabled="false" level="WEAK WARNING" enabled_by_default="false" />
  <inspection_tool class="PyMissingConstructorInspection" enabled="false" level="WARNING" enabled_by_default="false" />
  <inspection_tool class="PyNamedTupleInspection" enabled="false" level="WARNING" enabled_by_default="false" />
  <inspection_tool class="PyNestedDecoratorsInspection" enabled="false" level="WEAK WARNING" enabled_by_default="false" />
  <inspection_tool class="PyNonAsciiCharInspection" enabled="false" level="WARNING" enabled_by_default="false" />
  <inspection_tool class="PyNoneFunctionAssignmentInspection" enabled="false" level="WEAK WARNING" enabled_by_default="false" />
  <inspection_tool class="PyOldStyleClassesInspection" enabled="false" level="WARNING" enabled_by_default="false" />
  <inspection_tool class="PyOverloadsInspection" enabled="false" level="WARNING" enabled_by_default="false" />
  <inspection_tool class="PyPackageRequirementsInspection" enabled="false" level="WARNING" enabled_by_default="false">
    <option name="ignoredPackages">
      <value>
        <list size="13">
          <item index="0" class="java.lang.String" itemvalue="mysqlclient" />
          <item index="1" class="java.lang.String" itemvalue="geopy" />
          <item index="2" class="java.lang.String" itemvalue="croniter" />
          <item index="3" class="java.lang.String" itemvalue="dnspython" />
          <item index="4" class="java.lang.String" itemvalue="pymongo" />
          <item index="5" class="java.lang.String" itemvalue="python-crontab" />
          <item index="6" class="java.lang.String" itemvalue="pytest" />
          <item index="7" class="java.lang.String" itemvalue="requests" />
          <item index="8" class="java.lang.String" itemvalue="pyyaml" />
          <item index="9" class="java.lang.String" itemvalue="sphinx" />
          <item index="10" class="java.lang.String" itemvalue="lxml" />
          <item index="11" class="java.lang.String" itemvalue="xmltodict" />
          <item index="12" class="java.lang.String" itemvalue="pytz" />
        </list>
      </value>
    </option>
  </inspection_tool>
  <inspection_tool class="PyPep8Inspection" enabled="false" level="WEAK WARNING" enabled_by_default="false">
    <option name="ignoredErrors">
      <list>
        <option value="E201" />
        <option value="E501" />
        <option value="E202" />
        <option value="E302" />
        <option value="E128" />
        <option value="E303" />
        <option value="W292" />
        <option value="E301" />
        <option value="E712" />
        <option value="E305" />
        <option value="E231" />
        <option value="E262" />
        <option value="E402" />
        <option value="E101" />
        <option value="W191" />
        <option value="E131" />
        <option value="E122" />
      </list>
    </option>
  </inspection_tool>
  <inspection_tool class="PyPep8NamingInspection" enabled="false" level="WEAK WARNING" enabled_by_default="false">
    <option name="ignoredErrors">
      <list>
        <option value="N802" />
        <option value="N803" />
        <option value="N806" />
      </list>
    </option>
  </inspection_tool>
  <inspection_tool class="PyPropertyAccessInspection" enabled="false" level="WARNING" enabled_by_default="false" />
  <inspection_tool class="PyPropertyDefinitionInspection" enabled="false" level="WARNING" enabled_by_default="false" />
  <inspection_tool class="PyProtectedMemberInspection" enabled="false" level="WEAK WARNING" enabled_by_default="false" />
  <inspection_tool class="PyProtocolInspection" enabled="false" level="WARNING" enabled_by_default="false" />
  <inspection_tool class="PyRedeclarationInspection" enabled="false" level="WARNING" enabled_by_default="false" />
  <inspection_tool class="PyRedundantParenthesesInspection" enabled="false" level="WEAK WARNING" enabled_by_default="false" />
  <inspection_tool class="PyReturnFromInitInspection" enabled="false" level="WARNING" enabled_by_default="false" />
  <inspection_tool class="PySetFunctionToLiteralInspection" enabled="false" level="WARNING" enabled_by_default="false" />
  <inspection_tool class="PyShadowingBuiltinsInspection" enabled="false" level="WEAK WARNING" enabled_by_default="false" />
  <inspection_tool class="PyShadowingNamesInspection" enabled="false" level="WEAK WARNING" enabled_by_default="false" />
  <inspection_tool class="PySimplifyBooleanCheckInspection" enabled="false" level="WEAK WARNING" enabled_by_default="false" />
  <inspection_tool class="PySingleQuotedDocstringInspection" enabled="false" level="WEAK WARNING" enabled_by_default="false" />
  <inspection_tool class="PyStatementEffectInspection" enabled="false" level="WARNING" enabled_by_default="false" />
  <inspection_tool class="PyStringExceptionInspection" enabled="false" level="ERROR" enabled_by_default="false" />
  <inspection_tool class="PyStringFormatInspection" enabled="false" level="WARNING" enabled_by_default="false" />
  <inspection_tool class="PyStubPackagesAdvertiser" enabled="false" level="WARNING" enabled_by_default="false" />
  <inspection_tool class="PyStubPackagesCompatibilityInspection" enabled="false" level="WARNING" enabled_by_default="false" />
  <inspection_tool class="PySuperArgumentsInspection" enabled="false" level="WARNING" enabled_by_default="false" />
  <inspection_tool class="PyTestParametrizedInspection" enabled="false" level="WARNING" enabled_by_default="false" />
  <inspection_tool class="PyTrailingSemicolonInspection" enabled="false" level="WARNING" enabled_by_default="false" />
  <inspection_tool class="PyTupleAssignmentBalanceInspection" enabled="false" level="WARNING" enabled_by_default="false" />
  <inspection_tool class="PyTupleItemAssignmentInspection" enabled="false" level="WARNING" enabled_by_default="false" />
  <inspection_tool class="PyTypeCheckerInspection" enabled="false" level="WARNING" enabled_by_default="false" />
  <inspection_tool class="PyTypeHintsInspection" enabled="false" level="WARNING" enabled_by_default="false" />
  <inspection_tool class="PyTypedDictInspection" enabled="false" level="WARNING" enabled_by_default="false" />
  <inspection_tool class="PyUnboundLocalVariableInspection" enabled="false" level="WARNING" enabled_by_default="false" />
  <inspection_tool class="PyUnnecessaryBackslashInspection" enabled="false" level="WARNING" enabled_by_default="false" />
  <inspection_tool class="PyUnreachableCodeInspection" enabled="false" level="WARNING" enabled_by_default="false" />
  <inspection_tool class="PyUnresolvedReferencesInspection" enabled="false" level="WARNING" enabled_by_default="false">
    <option name="ignoredIdentifiers">
      <list>
        <option value="signs.queries.blocked_software.datetime" />
        <option value="signs.queries.blocked_software.*" />
        <option value="signs.queries.location_jumping.args" />
        <option value="signs.queries.location_jumping.*" />
      </list>
    </option>
  </inspection_tool>
  <inspection_tool class="PyUnusedLocalInspection" enabled="false" level="WEAK WARNING" enabled_by_default="false">
    <option name="ignoreTupleUnpacking" value="true" />
    <option name="ignoreLambdaParameters" value="true" />
    <option name="ignoreLoopIterationVariables" value="true" />
    <option name="ignoreVariablesStartingWithUnderscore" value="true" />
  </inspection_tool>
  <inspection_tool class="PyramidSetupInspection" enabled="false" level="WARNING" enabled_by_default="false" />
  <inspection_tool class="Query_bound_parameters" enabled="false" level="WARNING" enabled_by_default="false" />
  <inspection_tool class="Query_index_required" enabled="false" level="WARNING" enabled_by_default="false" />
  <inspection_tool class="Query_restricted" enabled="false" level="WARNING" enabled_by_default="false" />
  <inspection_tool class="RedundantSuppression" enabled="false" level="WARNING" enabled_by_default="false" />
  <inspection_tool class="RegExpDuplicateAlternationBranch" enabled="false" level="WARNING" enabled_by_default="false" />
  <inspection_tool class="RegExpEmptyAlternationBranch" enabled="false" level="WARNING" enabled_by_default="false" />
  <inspection_tool class="RegExpEscapedMetaCharacter" enabled="false" level="INFORMATION" enabled_by_default="false" />
  <inspection_tool class="RegExpOctalEscape" enabled="false" level="INFORMATION" enabled_by_default="false" />
  <inspection_tool class="RegExpRedundantEscape" enabled="false" level="WARNING" enabled_by_default="false" />
  <inspection_tool class="RegExpRepeatedSpace" enabled="false" level="WARNING" enabled_by_default="false" />
  <inspection_tool class="RegExpSingleCharAlternation" enabled="false" level="WARNING" enabled_by_default="false" />
  <inspection_tool class="RegExpUnexpectedAnchor" enabled="false" level="WARNING" enabled_by_default="false" />
  <inspection_tool class="RequiredAttributes" enabled="false" level="WARNING" enabled_by_default="false" />
  <inspection_tool class="ReservedWordUsedAsNameJS" enabled="false" level="WARNING" enabled_by_default="false" />
  <inspection_tool class="Restricted_Python_calls" enabled="false" level="WARNING" enabled_by_default="false" />
  <inspection_tool class="ReturnFromFinallyBlockJS" enabled="false" level="WARNING" enabled_by_default="false" />
  <inspection_tool class="ShiftOutOfRangeJS" enabled="false" level="WARNING" enabled_by_default="false" />
  <inspection_tool class="SillyAssignmentJS" enabled="false" level="WARNING" enabled_by_default="false" />
  <inspection_tool class="SpellCheckingInspection" enabled="false" level="TYPO" enabled_by_default="false">
    <option name="processCode" value="true" />
    <option name="processLiterals" value="true" />
    <option name="processComments" value="true" />
  </inspection_tool>
  <inspection_tool class="SqlDialectInspection" enabled="false" level="WARNING" enabled_by_default="false" />
  <inspection_tool class="SqlNoDataSourceInspection" enabled="false" level="WARNING" enabled_by_default="false" />
  <inspection_tool class="SuspiciousTypeOfGuard" enabled="false" level="WARNING" enabled_by_default="false" />
  <inspection_tool class="SyntaxError" enabled="false" level="ERROR" enabled_by_default="false" />
  <inspection_tool class="ThisExpressionReferencesGlobalObjectJS" enabled="false" level="WARNING" enabled_by_default="false" />
  <inspection_tool class="ThrowFromFinallyBlockJS" enabled="false" level="WARNING" enabled_by_default="false" />
  <inspection_tool class="TrivialConditionalJS" enabled="false" level="WARNING" enabled_by_default="false" />
  <inspection_tool class="TrivialIfJS" enabled="false" level="WARNING" enabled_by_default="false" />
  <inspection_tool class="TypeScriptAbstractClassConstructorCanBeMadeProtected" enabled="false" level="WEAK WARNING" enabled_by_default="false" />
  <inspection_tool class="TypeScriptAccessibilityCheck" enabled="false" level="WEAK WARNING" enabled_by_default="false" />
  <inspection_tool class="TypeScriptCheckImport" enabled="false" level="ERROR" enabled_by_default="false" />
  <inspection_tool class="TypeScriptConfig" enabled="false" level="WARNING" enabled_by_default="false" />
  <inspection_tool class="TypeScriptDuplicateUnionOrIntersectionType" enabled="false" level="WARNING" enabled_by_default="false" />
  <inspection_tool class="TypeScriptFieldCanBeMadeReadonly" enabled="false" level="WEAK WARNING" enabled_by_default="false" />
  <inspection_tool class="TypeScriptLibrary" enabled="false" level="ERROR" enabled_by_default="false" />
  <inspection_tool class="TypeScriptMissingAugmentationImport" enabled="false" level="INFORMATION" enabled_by_default="false" />
  <inspection_tool class="TypeScriptMissingConfigOption" enabled="false" level="WARNING" enabled_by_default="false" />
  <inspection_tool class="TypeScriptPreferShortImport" enabled="false" level="WARNING" enabled_by_default="false" />
  <inspection_tool class="TypeScriptRedundantGenericType" enabled="false" level="WEAK WARNING" enabled_by_default="false" />
  <inspection_tool class="TypeScriptSmartCast" enabled="false" level="WARNING" enabled_by_default="false" />
  <inspection_tool class="TypeScriptSuspiciousConstructorParameterAssignment" enabled="false" level="WARNING" enabled_by_default="false" />
  <inspection_tool class="TypeScriptUMDGlobal" enabled="false" level="WEAK WARNING" enabled_by_default="false" />
  <inspection_tool class="TypeScriptUnresolvedFunction" enabled="false" level="WEAK WARNING" enabled_by_default="false" />
  <inspection_tool class="TypeScriptUnresolvedVariable" enabled="false" level="WEAK WARNING" enabled_by_default="false" />
  <inspection_tool class="TypeScriptValidateGenericTypes" enabled="false" level="ERROR" enabled_by_default="false" />
  <inspection_tool class="TypeScriptValidateJSTypes" enabled="false" level="WEAK WARNING" enabled_by_default="false" />
  <inspection_tool class="TypeScriptValidateTypes" enabled="false" level="ERROR" enabled_by_default="false" />
  <inspection_tool class="TypescriptExplicitMemberType" enabled="false" level="INFORMATION" enabled_by_default="false" />
  <inspection_tool class="UnnecessaryContinueJS" enabled="false" level="WARNING" enabled_by_default="false" />
  <inspection_tool class="UnnecessaryLabelJS" enabled="false" level="WARNING" enabled_by_default="false" />
  <inspection_tool class="UnnecessaryLabelOnBreakStatementJS" enabled="false" level="WARNING" enabled_by_default="false" />
  <inspection_tool class="UnnecessaryLabelOnContinueStatementJS" enabled="false" level="WARNING" enabled_by_default="false" />
  <inspection_tool class="UnnecessaryLocalVariableJS" enabled="false" level="WARNING" enabled_by_default="false" />
  <inspection_tool class="UnnecessaryReturnJS" enabled="false" level="WARNING" enabled_by_default="false" />
  <inspection_tool class="UnreachableCodeJS" enabled="false" level="WARNING" enabled_by_default="false" />
  <inspection_tool class="UnresolvedReference" enabled="false" level="ERROR" enabled_by_default="false" />
  <inspection_tool class="UnterminatedStatementJS" enabled="false" level="WARNING" enabled_by_default="false">
    <option name="ignoreSemicolonAtEndOfBlock" value="true" />
  </inspection_tool>
  <inspection_tool class="WebpackConfigHighlighting" enabled="false" level="WARNING" enabled_by_default="false" />
  <inspection_tool class="WithStatementJS" enabled="false" level="WARNING" enabled_by_default="false" />
  <inspection_tool class="XmlDefaultAttributeValue" enabled="false" level="WARNING" enabled_by_default="false" />
  <inspection_tool class="XmlDeprecatedElement" enabled="false" level="WARNING" enabled_by_default="false" />
  <inspection_tool class="XmlDuplicatedId" enabled="false" level="ERROR" enabled_by_default="false" />
  <inspection_tool class="XmlHighlighting" enabled="false" level="ERROR" enabled_by_default="false" />
  <inspection_tool class="XmlInvalidId" enabled="false" level="ERROR" enabled_by_default="false" />
  <inspection_tool class="XmlPathReference" enabled="false" level="ERROR" enabled_by_default="false" />
  <inspection_tool class="XmlUnboundNsPrefix" enabled="false" level="WARNING" enabled_by_default="false" />
  <inspection_tool class="XmlUnusedNamespaceDeclaration" enabled="false" level="WARNING" enabled_by_default="false" />
  <inspection_tool class="XmlWrongRootElement" enabled="false" level="ERROR" enabled_by_default="false" />
  <inspection_tool class="YAMLDuplicatedKeys" enabled="false" level="ERROR" enabled_by_default="false" />
  <inspection_tool class="YAMLRecursiveAlias" enabled="false" level="ERROR" enabled_by_default="false" />
  <inspection_tool class="YAMLSchemaDeprecation" enabled="false" level="WEAK WARNING" enabled_by_default="false" />
  <inspection_tool class="YAMLSchemaValidation" enabled="false" level="WARNING" enabled_by_default="false" />
  <inspection_tool class="YAMLUnresolvedAlias" enabled="false" level="ERROR" enabled_by_default="false" />
  <inspection_tool class="YAMLUnusedAnchor" enabled="false" level="WARNING" enabled_by_default="false" />
</profile>